epoch,time,train/box_loss,train/seg_loss,train/cls_loss,train/dfl_loss,metrics/precision(B),metrics/recall(B),metrics/mAP50(B),metrics/mAP50-95(B),metrics/precision(M),metrics/recall(M),metrics/mAP50(M),metrics/mAP50-95(M),val/box_loss,val/seg_loss,val/cls_loss,val/dfl_loss,lr/pg0,lr/pg1,lr/pg2
1,2.82264,1.76896,4.42436,4.03184,1.75322,0.00094,0.11756,0.00097,0.00015,0,0,0,0,3.34944,5.07781,4.18757,2.90852,5e-05,5e-05,5e-05
2,5.51488,1.88468,4.79987,4.11216,1.92502,0.19198,0.21791,0.15394,0.12399,0.19656,0.19605,0.11744,0.08121,0.88085,1.74219,2.77819,1.12824,0.0001095,0.0001095,0.0001095
3,8.45963,0.95644,1.94507,2.27733,1.17519,0.30868,0.79604,0.45469,0.34637,0.30473,0.78112,0.44289,0.28398,0.88643,1.38632,5.04131,1.01252,0.000165667,0.000165667,0.000165667
4,11.4054,0.85138,1.30013,1.56656,1.09169,0.50959,0.60814,0.46902,0.35051,0.24094,0.64701,0.27203,0.11356,0.93797,4.93724,5.2849,1.09452,0.0002185,0.0002185,0.0002185
5,14.2206,0.96205,1.33437,1.34991,1.17662,0.52434,0.45487,0.29156,0.17098,0.53102,0.49556,0.28496,0.13065,1.31666,3.52142,4.69938,1.52289,0.000268,0.000268,0.000268
6,17.0503,0.94288,1.20872,1.27344,1.19284,0.6144,0.4478,0.34887,0.22147,0.54154,0.59204,0.3379,0.18135,0.99231,1.25081,3.22241,1.13261,0.000314167,0.000314167,0.000314167
7,19.8378,0.89547,1.25405,1.28513,1.16431,0.37128,0.64668,0.42148,0.28162,0.36567,0.59906,0.38357,0.16209,1.0238,2.57979,2.34414,1.19656,0.000357,0.000357,0.000357
8,22.6555,0.95193,1.20925,1.24274,1.12481,0.27331,0.42502,0.28334,0.20432,0.27683,0.43692,0.28469,0.19008,0.97147,1.89654,2.46166,1.18573,0.0003965,0.0003965,0.0003965
